newborn	/images/courtneyanton/newborn/Jasper18.jpg
newborn	/images/courtneyanton/newborn/Martel13.jpg
newborn	/images/courtneyanton/newborn/Reece36.jpg
newborn	/images/courtneyanton/newborn/Scarlett27.jpg
newborn	/images/courtneyanton/newborn/Zahra17.jpg
newborn	/images/courtneyanton/newborn/dsc_7190-copy.jpg
baby	/images/courtneyanton/baby/ANI_2035.jpg
baby	/images/courtneyanton/baby/Allie16.jpg
baby	/images/courtneyanton/baby/Julia01.jpg
baby	/images/courtneyanton/baby/Rory07.jpg
child	/images/courtneyanton/child/AultFamily21.jpg
child	/images/courtneyanton/child/DavisFamily11.jpg
child	/images/courtneyanton/child/EtzelFamily20.jpg
child	/images/courtneyanton/child/Paige17.jpg
family	/images/courtneyanton/family/Alexandria33.jpg
family	/images/courtneyanton/family/HandlerFamily43.jpg
family	/images/courtneyanton/family/JarrettFamily20.jpg
family	/images/courtneyanton/family/Keira16.jpg
maternity	/images/courtneyanton/maternity/Krebs10.jpg
maternity	/images/courtneyanton/maternity/Lowman55.jpg
maternity	/images/courtneyanton/maternity/Maternity45.jpg
maternity	/images/courtneyanton/maternity/RubenFamily14.jpg
maternity	/images/courtneyanton/maternity/Zerhusen02.jpg
landscape	/images/landscape/england/DSC_3954.jpg
landscape	/images/landscape/england/DSC_3972.jpg
landscape	/images/landscape/england/DSC_3989.jpg
landscape	/images/landscape/england/DSC_4019.jpg
landscape	/images/landscape/england/DSC_4026.jpg
landscape	/images/landscape/england/DSC_4032.jpg
landscape	/images/landscape/england/Scotland17.jpg
landscape	/images/landscape/england/Scotland21.jpg
landscape	/images/landscape/england/Scotland32.jpg
landscape	/images/landscape/england/Scotland41.jpg
landscape	/images/landscape/england/Scotland42.jpg
landscape	/images/landscape/england/Scotland50.jpg
landscape	/images/landscape/england/Scotland51.jpg
landscape	/images/landscape/england/Scotland57.jpg
landscape	/images/landscape/england/Scotland63.jpg
landscape	/images/landscape/england/Scotland64.jpg
landscape	/images/landscape/england/Scotland66.jpg
landscape	/images/landscape/falls.jpg
landscape	/images/landscape/nz/hobbiton/NewZealand010.jpg
landscape	/images/landscape/nz/hobbiton/NewZealand011.jpg
landscape	/images/landscape/nz/hobbiton/NewZealand013.jpg
landscape	/images/landscape/nz/hobbiton/NewZealand014.jpg
landscape	/images/landscape/nz/hobbiton/NewZealand015.jpg
landscape	/images/landscape/nz/hobbiton/NewZealand016.jpg
landscape	/images/landscape/nz/hobbiton/NewZealand017.jpg
_extras	/images/courtneyanton/WeaverFamily40.jpg
_extras	/images/courtneyanton/BreakeyFamily15.jpg
_extras	/images/courtneyanton/GibsonFamily27.jpg
_extras	/images/courtneyanton/Caroline52.jpg
_extras	/images/logo.png
_extras	/images/logo-square.png
_extras	/images/favicon.ico
